id_candidat,nom
1025,MEYER
1032,JOLIE
1041,LIOTIER
3034,JEUDI
4017,GAUVAN
5012,BOYER
5022,FINE
6035,PRADAL
11021,BREYTON
12011,THEBAULT
12025,DEGUARA
12031,BOUIGUE
13013,AGRESTI-ROUBACHE
13023,PITOLLAT
13054,POPELARD
13068,ROYER-PERREAUT
13083,BEDDOCK
13108,BESSAIH
13116,LAQHILA
14013,DAOUDI
14046,MOURARET
14056,DUPONT-FEDERICI
14062,GAUCHARD
15012,RUEDA
16026,BALLU
17016,SOUBESTE
17025,BABAULT
17032,ARDOUIN
17053,BRACHET
18013,LEFELLE
18021,BEHAGHEL
19024,DEWAELE
21025,BORDAT
21031,KHATTABI
21044,JACQ
21052,FLACHE
22022,DAUPHIN
22033,RAVARD
22042,JOBIC
24016,TONON
24021,DELPON
24034,CUBERTAFON
25024,VUILLEMIN
25032,DAYET
25045,GAUTIER
26033,MARCHIONNI
27013,LE BONT
27052,JOURDAIN
28012,BRIDET
28027,FAVERIS
29034,SMOLARZ
29057,GRELAUD
29062,CROUAN
29081,LE BON
29082,MIOSSEC
2B026,JOUART
30012,ROUVERAND
30034,BAUME
30062,COLSON
31054,ESPAGNOLLE
31066,IBORRA
31072,TOUTUT-PICARD
32012,LEVIEUX
33053,SENCE
33103,BOURGOIS
33122,LAVERGNE
34016,MIRALLES
34034,CRISTOL
34043,ELIAOU
34082,CARRIERE
34094,VIGNAL
35046,PATAULT
35062,LAFAYE
35074,GUIVARC'H
36022,SAPIN
37022,GOBERT
37037,BARBIER
37041,COLBOC
37055,COCCIA
38034,CHALAS
38053,COLAS-ROY
38074,DICHARD
38081,ABADIE
38094,JACQUIER-LAFORGE
38103,MEYNIER-MILLEFERT
39012,BRONDEL
39022,TERNANT
39031,PRAT
40012,LAFARGUE
40022,LESPADE
42015,BATAILLON
42042,PAEMELAERE
43012,GACON
43024,CHAPAVEIRE
44074,MAH
44082,DUFEU
44092,MACON
45012,KOUNOWSKI
45022,JANVIER
45035,VERDE
45052,BOUTET
45064,LAVIALLE
47013,VO VAN
47022,LENZI
49046,BOUVET
49062,GABIN
50031,VEROVE
51014,BOURGOIN
51026,PIROUELLE
52013,LAMBERT
53015,SAULNIER
53022,BOISSEAU
53034,LEFOULON
54015,GUILLEMARD
54043,BERTOZZI-BIVELOT
56015,GALLO
56021,BENIGUEL
56031,DOR-LUCAS
56066,BAUDRY
57018,FELIX
57025,NICOLAS
57033,LEDUC
57095,VASSE
58014,LARÃ”PE
58027,GERMAIN
59054,DELNESTE
59061,PEREIRA
59104,MORTREUX
59111,BRULANT-FORTIN
59211,COLPIN
60062,DE FRESSE DE MONVAL
61018,CHAPELOTTE
61032,HELLOCO
62051,PONT
63043,GOLO
64011,LALANNE
64022,BRUNEL
64052,LASSERRE
65017,SEMPASTOUS
65024,MOURNET
66033,GAYTE
67045,KRATTINGER
68052,EL HAJJAJI
68064,CLAUDEPIERRE
69091,SOUMIREU-LARTIGUE
69107,PERRIN
69115,YOUSFI
69137,TANZILLI
71015,DELPEUCH
71035,BENINGER
71045,VADOT
71055,MARGUERITTE
72044,CASENAVE-PR
72051,ROUILLON
73014,GRANATA
73027,MARTINOT
73031,IBANEZ
73041,GOMERO
74017,DUVAL
74028,TATU
74033,VEZ
74043,LACHENAL
74054,BAUD
74063,ROUBIAN
75025,LE GENDRE
75043,FOUDRINIER
75141,DRAY
76024,DECORDE
76042,BONNATERRE
76053,DELALANDRE
76072,MARTIN PRON
77032,VALLE-HANS
77043,GARNIER
77056,CAENBERGS
77061,SARAZIN
77097,PEYRON
78024,CARRIVE-BDOUANI
78036,CIANO
78094,MILLIENNE
78111,DOUCET
80013,BRANLANT
81012,LAPEYRE
81024,VERDIER
83015,HABOUZIT
84024,VIALA
84053,MORENAS
85011,ETONNO
85021,HELARY
85055,FOURAGE
86033,JEAN
86044,TROUSSELLE
87024,TAYOT
89027,VEYSSIERE
90015,BELORGEY
91025,SIFER
91032,IZARD
91044,DEME
91094,GUVENOUX
93054,GARRIDO
94015,DESCROZAILLE
950210,VUILLETET
95036,RILHAC
95041,MEURANT
973023,CHARLES
91067,KRIBI-ROMDHANE
77028,BENAISSA WATBOT
4025,BLANC
16033,FRANCOIS
26021,MICHEL
33093,MARTINEZ
35051,RENAULT
36011,GONZALEZ
41032,PETIT
42033,BONY
49033,ALEXANDRE
59134,LACROIX
62025,COUSIN
72014,BONNET
72022,CHEVALLIER
81031,LASSALLE
95077,DA SILVA
33081,FAURE
33081,FAURE
